{
  "detectionPrecision": 0.2988505747126437,
  "detectionRecall": 0.4262295081967213,
  "providerAttributionAccuracy": 0.7959183673469388,
  "findingPrecision": 0.07142857142857142,
  "findingRecall": 0.3333333333333333
}
